<?xml version="1.0" encoding="UTF-8"?>
<GenRun Id="synth_1" LaunchPart="xc7z010clg400-1" LaunchTime="1642884314">
  <File Type="PA-TCL" Name="dff3.tcl"/>
  <File Type="RDS-PROPCONSTRS" Name="dff3_drc_synth.rpt"/>
  <File Type="REPORTS-TCL" Name="dff3_reports.tcl"/>
  <File Type="RDS-RDS" Name="dff3.vds"/>
  <File Type="RDS-UTIL" Name="dff3_utilization_synth.rpt"/>
  <File Type="RDS-UTIL-PB" Name="dff3_utilization_synth.pb"/>
  <File Type="RDS-DCP" Name="dff3.dcp"/>
  <File Type="VDS-TIMINGSUMMARY" Name="dff3_timing_summary_synth.rpt"/>
  <File Type="VDS-TIMING-PB" Name="dff3_timing_summary_synth.pb"/>
  <FileSet Name="sources" Type="DesignSrcs" RelSrcDir="$PSRCDIR/sources_1" RelGenDir="$PGENDIR/sources_1">
    <Filter Type="Srcs"/>
    <File Path="$PSRCDIR/sources_1/new/source.v">
      <FileInfo>
        <Attr Name="ImportPath" Val="$PPRDIR/../../AppData/Local/Temp/Temp1_Lab0_CMPEN331.zip/project_1/project_1.srcs/sources_1/new/source.v"/>
        <Attr Name="ImportTime" Val="1642883650"/>
        <Attr Name="UsedIn" Val="synthesis"/>
        <Attr Name="UsedIn" Val="implementation"/>
        <Attr Name="UsedIn" Val="simulation"/>
      </FileInfo>
    </File>
    <File Path="$PSRCDIR/sources_1/bd/design_1/design_1.bd">
      <FileInfo>
        <Attr Name="AutoDisabled" Val="1"/>
        <Attr Name="ImportPath" Val="$PPRDIR/../../AppData/Local/Temp/Temp1_Lab0_CMPEN331.zip/project_1/project_1.srcs/sources_1/bd/design_1/design_1.bd"/>
        <Attr Name="ImportTime" Val="1642885102"/>
        <Attr Name="UsedIn" Val="synthesis"/>
        <Attr Name="UsedIn" Val="implementation"/>
        <Attr Name="UsedIn" Val="simulation"/>
      </FileInfo>
    </File>
    <Config>
      <Option Name="DesignMode" Val="RTL"/>
      <Option Name="TopModule" Val="dff3"/>
    </Config>
  </FileSet>
  <FileSet Name="constrs_in" Type="Constrs" RelSrcDir="$PSRCDIR/constrs_1">
    <Filter Type="Constrs"/>
    <Config>
      <Option Name="ConstrsType" Val="XDC"/>
    </Config>
  </FileSet>
  <FileSet Name="utils" Type="Utils" RelSrcDir="$PSRCDIR/utils_1">
    <Filter Type="Utils"/>
    <Config>
      <Option Name="TopAutoSet" Val="TRUE"/>
    </Config>
  </FileSet>
  <Strategy Version="1" Minor="2">
    <StratHandle Name="Vivado Synthesis Defaults" Flow="Vivado Synthesis 2021">
      <Desc>Vivado Synthesis Defaults</Desc>
    </StratHandle>
    <Step Id="synth_design"/>
  </Strategy>
</GenRun>
